{"cameraMode":{"drawMode":0,"name":"Shaded","section":"Shading Mode"},"sceneLighting":true,"audioPlay":false,"sceneViewState":{"m_AlwaysRefresh":false,"showFog":true,"showSkybox":true,"showFlares":true,"showImageEffects":true,"showParticleSystems":true,"showVisualEffectGraphs":true,"m_FxEnabled":true},"in2DMode":false,"pivot":{"x":1.4892163276672364,"y":2.441087245941162,"z":-1.6337755918502808},"rotation":{"x":0.29622820019721987,"y":-0.32891780138015749,"z":0.10948462039232254,"w":0.8899986147880554},"size":5.342106342315674,"orthographic":false}