{"cameraMode":{"drawMode":0,"name":"Shaded","section":"Shading Mode"},"sceneLighting":true,"audioPlay":false,"sceneViewState":{"m_AlwaysRefresh":false,"showFog":false,"showSkybox":true,"showFlares":true,"showImageEffects":true,"showParticleSystems":true,"showVisualEffectGraphs":true,"m_FxEnabled":false},"in2DMode":false,"pivot":{"x":274.7061462402344,"y":29.66197395324707,"z":640.4968872070313},"rotation":{"x":0.03210411220788956,"y":0.016428330913186075,"z":-0.000329948088619858,"w":0.9994012713432312},"size":8.282052993774414,"orthographic":false}