{"cameraMode":{"drawMode":0,"name":"Shaded","section":"Shading Mode"},"sceneLighting":true,"audioPlay":false,"sceneViewState":{"m_AlwaysRefresh":false,"showFog":false,"showSkybox":true,"showFlares":true,"showImageEffects":true,"showParticleSystems":true,"showVisualEffectGraphs":true,"m_FxEnabled":false},"in2DMode":false,"pivot":{"x":281.07501220703127,"y":26.38960838317871,"z":657.2749633789063},"rotation":{"x":-0.03629985824227333,"y":-0.22106881439685822,"z":0.008145071566104889,"w":-0.974585235118866},"size":10.224693298339844,"orthographic":false}