{"cameraMode":{"drawMode":0,"name":"Shaded","section":"Shading Mode"},"sceneLighting":true,"audioPlay":false,"sceneViewState":{"m_AlwaysRefresh":false,"showFog":true,"showSkybox":true,"showFlares":true,"showImageEffects":true,"showParticleSystems":true,"showVisualEffectGraphs":true,"m_FxEnabled":true},"in2DMode":false,"pivot":{"x":-3.877182722091675,"y":5.706026077270508,"z":-3.223677396774292},"rotation":{"x":0.0006339591345749795,"y":-0.9993823766708374,"z":-0.027881469577550889,"w":-0.0231466144323349},"size":6.543293476104736,"orthographic":false}