{"cameraMode":{"drawMode":0,"name":"Shaded","section":"Shading Mode"},"sceneLighting":true,"audioPlay":false,"sceneViewState":{"m_AlwaysRefresh":false,"showFog":true,"showSkybox":true,"showFlares":true,"showImageEffects":true,"showParticleSystems":true,"showVisualEffectGraphs":true,"m_FxEnabled":true},"in2DMode":false,"pivot":{"x":0.47351759672164919,"y":2.4768309593200685,"z":0.0213930606842041},"rotation":{"x":0.30867886543273928,"y":-0.2903742790222168,"z":0.09956765174865723,"w":0.900282621383667},"size":5.6660261154174809,"orthographic":false}